{"1": {"0.01": 1, "0.02": 1, "0.03": 1, "0.04": 1, "0.05": 1, "0.06": 1, "0.07": 1, "0.08": 1, "0.09": 1, "0.1": 1, "0.15": 1}, "2": {"0.01": 1, "0.02": 1, "0.03": 1, "0.04": 1, "0.05": 1, "0.06": 1, "0.07": 1, "0.08": 1, "0.09": 1, "0.1": 1, "0.15": 1}, "3": {"0.01": 1, "0.02": 1, "0.03": 1, "0.04": 1, "0.05": 1, "0.06": 1, "0.07": 1, "0.08": 1, "0.09": 1, "0.1": 1, "0.15": 1}, "4": {"0.01": 1, "0.02": 1, "0.03": 1, "0.04": 1, "0.05": 1, "0.06": 1, "0.07": 1, "0.08": 1, "0.09": 1, "0.1": 1, "0.15": 1}, "6": {"0.01": 0.998075, "0.02": 0.9978, "0.03": 0.99725, "0.04": 0.9967, "0.05": 0.9962, "0.06": 0.9957, "0.07": 0.99485, "0.08": 0.994, "0.09": 0.9929, "0.1": 0.9918, "0.15": 0.988}, "7": {"0.01": 0.997375, "0.02": 0.99705, "0.03": 0.9964, "0.04": 0.99575, "0.05": 0.9949250000000001, "0.06": 0.9941, "0.07": 0.9929250000000001, "0.08": 0.99175, "0.09": 0.990275, "0.1": 0.9888, "0.15": 0.9835499999999999}, "8": {"0.01": 0.996675, "0.02": 0.9963, "0.03": 0.9955499999999999, "0.04": 0.9948, "0.05": 0.99365, "0.06": 0.9925, "0.07": 0.9910000000000001, "0.08": 0.9895, "0.09": 0.98765, "0.1": 0.9858, "0.15": 0.9791}, "10": {"0.01": 0.99455, "0.02": 0.994, "0.03": 0.9929, "0.04": 0.9918, "0.05": 0.9903, "0.06": 0.9888, "0.07": 0.98655, "0.08": 0.9843, "0.09": 0.9813, "0.1": 0.9783, "0.15": 0.9702}, "12": {"0.01": 0.99105, "0.02": 0.9903, "0.03": 0.9887999999999999, "0.04": 0.9873, "0.05": 0.9854, "0.06": 0.9835, "0.07": 0.9809, "0.08": 0.9783, "0.09": 0.97495, "0.1": 0.9716, "0.15": 0.9635}, "14": {"0.01": 0.987425, "0.02": 0.9865, "0.03": 0.98465, "0.04": 0.9828, "0.05": 0.9802, "0.06": 0.9776, "0.07": 0.9750000000000001, "0.08": 0.9724, "0.09": 0.96905, "0.1": 0.9657, "0.15": 0.959}, "16": {"0.01": 0.9822249999999999, "0.02": 0.9813, "0.03": 0.9794499999999999, "0.04": 0.9776, "0.05": 0.9753499999999999, "0.06": 0.9731, "0.07": 0.9704999999999999, "0.08": 0.9679, "0.09": 0.9646, "0.1": 0.9613, "0.15": 0.9561}, "18": {"0.01": 0.9770249999999999, "0.02": 0.9761, "0.03": 0.9742500000000001, "0.04": 0.9724, "0.05": 0.9701500000000001, "0.06": 0.9679, "0.07": 0.9657, "0.08": 0.9635, "0.09": 0.9609000000000001, "0.1": 0.9583, "0.15": 0.9536}, "19": {"0.01": 0.974775, "0.02": 0.97385, "0.03": 0.972, "0.04": 0.9701500000000001, "0.05": 0.9681, "0.06": 0.96605, "0.07": 0.96385, "0.08": 0.96165, "0.09": 0.959225, "0.1": 0.9568000000000001, "0.15": 0.9526}, "20": {"0.01": 0.9725250000000001, "0.02": 0.9716, "0.03": 0.96975, "0.04": 0.9679, "0.05": 0.96605, "0.06": 0.9642, "0.07": 0.962, "0.08": 0.9598, "0.09": 0.95755, "0.1": 0.9553, "0.15": 0.9516}, "24": {"0.01": 0.964175, "0.02": 0.9636, "0.03": 0.96245, "0.04": 0.9613, "0.05": 0.9598, "0.06": 0.9583, "0.07": 0.9566, "0.08": 0.9549, "0.09": 0.95365, "0.1": 0.9524, "0.15": 0.9487}, "28": {"0.01": 0.9581, "0.02": 0.9577, "0.03": 0.9569, "0.04": 0.9561, "0.05": 0.955, "0.06": 0.9539, "0.07": 0.95275, "0.08": 0.9516, "0.09": 0.9505, "0.1": 0.9494, "0.15": 0.9465}, "32": {"0.01": 0.954325, "0.02": 0.954, "0.03": 0.9533499999999999, "0.04": 0.9527, "0.05": 0.9521, "0.06": 0.9515, "0.07": 0.9506, "0.08": 0.9497, "0.09": 0.94885, "0.1": 0.948, "0.15": 0.9456}, "36": {"0.01": 0.951775, "0.02": 0.9516, "0.03": 0.9512499999999999, "0.04": 0.9509, "0.05": 0.95045, "0.06": 0.95, "0.07": 0.9493499999999999, "0.08": 0.9487, "0.09": 0.9479500000000001, "0.1": 0.9472, "0.15": 0.945}, "37": {"0.01": 0.9516, "0.02": 0.951425, "0.03": 0.9510749999999999, "0.04": 0.950725, "0.05": 0.950275, "0.06": 0.9498249999999999, "0.07": 0.9492125, "0.08": 0.9486, "0.09": 0.9478500000000001, "0.1": 0.9471, "0.15": 0.944925}, "40": {"0.01": 0.9510749999999999, "0.02": 0.9509, "0.03": 0.95055, "0.04": 0.9502, "0.05": 0.9497500000000001, "0.06": 0.9493, "0.07": 0.9488000000000001, "0.08": 0.9483, "0.09": 0.94755, "0.1": 0.9468, "0.15": 0.9447}, "61": {"0.01": 0.9510749999999999, "0.02": 0.9509, "0.03": 0.95055, "0.04": 0.9502, "0.05": 0.9497500000000001, "0.06": 0.9493, "0.07": 0.9488000000000001, "0.08": 0.9483, "0.09": 0.94755, "0.1": 0.9468, "0.15": 0.9447}, "91": {"0.01": 0.9510749999999999, "0.02": 0.9509, "0.03": 0.95055, "0.04": 0.9502, "0.05": 0.9497500000000001, "0.06": 0.9493, "0.07": 0.9488000000000001, "0.08": 0.9483, "0.09": 0.94755, "0.1": 0.9468, "0.15": 0.9447}, "127": {"0.01": 0.9510749999999999, "0.02": 0.9509, "0.03": 0.95055, "0.04": 0.9502, "0.05": 0.9497500000000001, "0.06": 0.9493, "0.07": 0.9488000000000001, "0.08": 0.9483, "0.09": 0.94755, "0.1": 0.9468, "0.15": 0.9447}, "187": {"0.01": 0.9510749999999999, "0.02": 0.9509, "0.03": 0.95055, "0.04": 0.9502, "0.05": 0.9497500000000001, "0.06": 0.9493, "0.07": 0.9488000000000001, "0.08": 0.9483, "0.09": 0.94755, "0.1": 0.9468, "0.15": 0.9447}}